owner.id,location.id,taken_at_timestamp,hashtag1,hashtag2,hashtag3,hashtag4,hashtag5,hashtag6,hashtag7,hashtag8,hashtag9,hashtag10
3117737326,47825173,1481806879,filmcamera,filmphotography,35mm,chateaumarmont,ladyinred,california,project,artbook,photobook,handprint
3117737326,442279,1481902966,London,potraitgallery,lights,filmcamera,filmphotography,museum,series,filmproject,35mm,photography
3117737326,212999109,1483612109,0,0,0,0,0,0,0,0,0,0
3117737326,213424196,1483716905,0,0,0,0,0,0,0,0,0,0
3117737326,214702257,1484088098,0,0,0,0,0,0,0,0,0,0
3117737326,3003060,1484236966,mapplethorpe,0,0,0,0,0,0,0,0,0
3117737326,212988663,1484343921,0,0,0,0,0,0,0,0,0,0
3117737326,212988663,1485186582,0,0,0,0,0,0,0,0,0,0
3117737326,2357599,1485548326,Astoria,queens,,0,0,0,0,0,0,0
3117737326,217297903,1485548449,bowery,chinatown,0,0,0,0,0,0,0,0
3117737326,213650536,1486133150,sleeping,0,0,0,0,0,0,0,0,0
3117737326,212988663,1486325777,NYC,lights,0,0,0,0,0,0,0,0
3117737326,212999109,1487965843,0,0,0,0,0,0,0,0,0,0
3117737326,212999109,1487965992,face,dreambig,lips,dontcrybaby,filmphotography,series,losangeles,filmisnotdead,loveiseverywhere,Red
3117737326,212999109,1488053293,0,0,0,0,0,0,0,0,0,0
3117737326,212999109,1488063763,0,0,0,0,0,0,0,0,0,0
3117737326,212999109,1488336579,0,0,0,0,0,0,0,0,0,0
3117737326,213385402,1488831124,0,0,0,0,0,0,0,0,0,0
3117737326,213873866,1488901176,0,0,0,0,0,0,0,0,0,0
3117737326,213385402,1490176388,0,0,0,0,0,0,0,0,0,0
3117737326,213385402,1490176577,lights,goodness,beauty,calvinklein,series,london,filmphotography,filmproject,comingsoon,photography
3117737326,213873866,1490183722,0,0,0,0,0,0,0,0,0,0
3117737326,213385402,1490349083,dream,filmproject,series,beauty,filmphotography,obsessed,analogueportraits,0,0,0
3117737326,212999109,1490354132,0,0,0,0,0,0,0,0,0,0
3117737326,213873866,1490866381,0,0,0,0,0,0,0,0,0,0
3117737326,212930591,1490867962,joshuatree,incredible,magic,lovenature,sunset,photography,obsessed,makedreamshappen,0,0
3117737326,213424196,1490868272,0,0,0,0,0,0,0,0,0,0
3117737326,212999109,1491209875,0,0,0,0,0,0,0,0,0,0
3117737326,212244379,1491298854,waiting,california,loveiseverywhere,photography,obsessed,dreambig,neverstopexploring,lights,sunset,
3117737326,215631076,1493571886,beauty,leishian,filmphotography,obsessed,filmisnotdead,series,filmproject,nyc,loveiseverywhere,0
3117737326,213650536,1494933307,polaroid,filmphotography,loveiseverywhere,muse,beauty,iamfrancescocuizza,filmisnotdead,filmphotography,obsessed,0
3117737326,213650536,1495011112,mediumformat,outtakes,filmisnotdead,london,portrait,filmphotography,unretouched,nofilter,loveiseverywhere,beauty
3117737326,116553110,1495445970,0,0,0,0,0,0,0,0,0,0
3117737326,294170,1495744344,0,0,0,0,0,0,0,0,0,0
3117737326,220949533,1495893628,0,0,0,0,0,0,0,0,0,0
3117737326,219067553,1495909699,0,0,0,0,0,0,0,0,0,0
3117737326,255194707,1496485094,makesomemagic,0,0,0,0,0,0,0,0,0
3117737326,213650536,1497435138,sunflowers,london,filmisnotdead,polaroid,series,nature,loveiseverywhere,filmphotography,0,0
3117737326,219067553,1498035502,formypleasure,beauty,london,outtake,filmphotography,obsessed,kodak,35mm,filmisnotdead,0
3117737326,213650536,1499954853,london,outtake,babe,blue,filmphotography,35mm,0,0,0,0
3117737326,518190,1500374610,0,0,0,0,0,0,0,0,0,0
3117737326,213650536,1500464432,0,0,0,0,0,0,0,0,0,0
3117737326,213650536,1500538144,outtake,35mm,london,beauty,body,shape,filmphotography,obsessed,0,0
3117737326,212988663,1500813895,0,0,0,0,0,0,0,0,0,0
3117737326,212988663,1500827781,0,0,0,0,0,0,0,0,0,0
3117737326,380207072,1501114594,polaroid,,0,0,0,0,0,0,0,0
3117737326,237284085,1503488295,elegance,muse,blurred,outoffocus,filmphotography,with,losangeles,california,loveisevrywhere,lostinla
3117737326,212999109,1503875398,comingsoon,lostinlosangeles,california,kids,filmproject,polaroid,outtake,thisbeauty,la,girls
3117737326,497665821,1503944330,mylovely,comingsoon,lostinlosangeles,california,kids,beauty,outtake,polaroid,b&w,filmphotography
3117737326,212999109,1504520554,losangeles,californiakids,lostinla,loveislove,filmproject,comingsoon,outtake,beauty,doubleexposure,obsessed
3117737326,212999109,1504522085,lostinla,comingsoon,doubleexposure,filmproject,Chanel,dream,0,0,0,0
3117737326,212999109,1504797655,chaneldream,lostinla,analogueportraits,girls,california,polaroid,outtake,beauty,chanel,yellow
3117737326,212999109,1504877160,bluedream,losangeles,analogueportraits,lostinla,womanpower,body,mysweet,beautiful,california,outtake
3117737326,212999109,1504961753,thanks,La,architecture,oldstyle,analogueportraits,somewhere,california,obsessed,collage,location
3117737326,237284085,1505125511,mymuse,losangeles,outtake,loveiseverywhere,analogueportraits,blessed,La,madness,california,series
3117737326,212999109,1506518078,red,loveiseverywhere,series,lostinla,kodak,outtake,0,0,0,0
3117737326,212999109,1510085706,0,0,0,0,0,0,0,0,0,0
3117737326,284047599,1512936041,analogportraits,london,newproject,comingsoon,loveiseverywhere,0,0,0,0,0
3117737326,212999109,1512975952,losangeles,love,dior,chanel,analogportraits,0,0,0,0,0
3117737326,212999109,1512976113,wearing,chanel,losangeles,california,0,0,0,0,0,0
3117737326,212999109,1513084529,california,La,series,analogueportraits,b&w,babe,0,0,0,0
3117737326,212999109,1513942188,doubleexposure,losangeles,0,0,0,0,0,0,0,0
3117737326,212999109,1514008273,mama,dior,weshouldbeallfeminists,california,La,analogueportrait,series,0,0,0
3117737326,212999109,1514008776,dream,beauty@averytharp,california,girls,analogportrait,La,0,0,0,0
3117737326,212999109,1514302097,beauty,losangeles,analogueportrait,polaroid,outtake,California,nofilter,0,0,0
3117737326,212999109,1514472636,california,dream,beauty,polaroid,series,girls,analogportraits,losangeles,0,0
3117737326,379955877,1514481644,formypleasure,london,family,merrychristmas,loveiseverywere,series,,0,0,0
3117737326,212999109,1515419677,california,series,damagedgoods,la,allmylove,0,0,0,0,0
3117737326,213385402,1515447192,Sofia,thepainter,london,newstarisborn,artistlife,0,0,0,0,0
3117737326,213650536,1515588882,superbabe,beauty,london,analogportraits,comeclose,lips,queen,outtake,potrait,fauxfur
3117737326,213873866,1516204899,lonliness,California,polaroid,series,loveiseverywhere,details,La,madness,0,0
3117737326,212930591,1516887252,homage,herbritts,joshuatree,lost,california,series,outtake,palmsprings,series,loveyourbody
3117737326,212999109,1517142516,California,obsessed,La,series,nofilter,kodak,0,0,0,0
3117737326,630842473,1518983230,waiting,losangeles,polaroid,obsessed,0,0,0,0,0,0
3117737326,212950988,1522545635,stretching,donnakaran,Ny,0,0,0,0,0,0,0
3117737326,212950988,1522547046,donnakaran,ny,0,0,0,0,0,0,0,0
3117737326,212950988,1522549441,details,ny,melanie,0,0,0,0,0,0,0
3117737326,212950988,1522711075,stretching,ny,0,0,0,0,0,0,0,0
3117737326,212950988,1522711182,legs,bella,0,0,0,0,0,0,0,0
3117737326,213238904,1522857969,orchidea,print,bronx,0,0,0,0,0,0,0
3117737326,213238904,1523458400,bronx,polaroid,sparkle,amore,0,0,0,0,0,0
3117737326,213238904,1523458724,bronx,lithgs,0,0,0,0,0,0,0,0
3117737326,213238904,1523838761,reflection,nymphaea,0,0,0,0,0,0,0,0
3117737326,212950988,1524151098,contactsheet,ny,stretching,0,0,0,0,0,0,0
3117737326,219067553,1524162784,london,print,0,0,0,0,0,0,0,0
3117737326,1911519,1525299179,florida,waterprint,shadow,0,0,0,0,0,0,0
3117737326,213650536,1525513962,London,print,oldlove,contactsheet,0,0,0,0,0,0
3117737326,212950988,1527164318,sleepy,print,outtake,formypleasure,contactsheet,0,0,0,0,0
3117737326,520494518283263,1527162665,turnedon,losangeles,loveiseverywhere,print,deep,0,0,0,0,0
3117737326,493183419,1528961986,iloveyou,obsessed,0,0,0,0,0,0,0,0
3117737326,284047599,1528969596,courtesy,Francesco,babe,0,0,0,0,0,0,0
3117737326,214906746,1528969775,strawberry,Sonny,0,0,0,0,0,0,0,0
3117737326,213650536,1531156103,formypleasure,pola,0,0,0,0,0,0,0,0
3117737326,213385402,1531726114,Sophie,loveatfirstsight,stardust,0,0,0,0,0,0,0
3117737326,1865514327051885,1533608433,Avery,,0,0,0,0,0,0,0,0
3117737326,1865514327051885,1533671479,Francesco,pellicola,LA,0,0,0,0,0,0,0
3117737326,736208668,1534315140,sadprettyflower,dusteverywhere,LA,0,0,0,0,0,0,0
3117737326,1865514327051885,1534700112,butterflieseverywhere,polaroid,0,0,0,0,0,0,0,0
3117737326,328216914,1535008762,Valid,La,0,0,0,0,0,0,0,0
3117737326,237284085,1535128884,F,polaroid,prettylady,0,0,0,0,0,0,0
3117737326,257185858159559,1535949511,losangeles,pellicola,precious,0,0,0,0,0,0,0
3117737326,1865514327051885,1536261462,Francesco,gelatin,pellicola,0,0,0,0,0,0,0
3117737326,213385402,1539023847,blossom,obsessed,pellicola,0,0,0,0,0,0,0
3117737326,1004953996322962,1539027272,La,emotional,pellicola,0,0,0,0,0,0,0
3117737326,1004953996322962,1539046853,0,0,0,0,0,0,0,0,0,0
3117737326,213385402,1539274391,pola,commedesgarcons,london,0,0,0,0,0,0,0
3117737326,7856081,1539342120,pellicola,series,0,0,0,0,0,0,0,0
3117737326,7856081,1539342180,polaroid,series,0,0,0,0,0,0,0,0
3117737326,213385402,1539509822,amore,Bar,polaroidseries,0,0,0,0,0,0,0
3117737326,213385402,1539510220,Polaroid,series,Bar,0,0,0,0,0,0,0
3117737326,213385402,1539510376,bar,polaroid,mylove,0,0,0,0,0,0,0
3117737326,212999109,1540384311,doppiosogno,pellicola,0,0,0,0,0,0,0,0
3117737326,213131048,1540936972,print,diamond,0,0,0,0,0,0,0,0
3117737326,1022410397,1541241131,london,pellicola,0,0,0,0,0,0,0,0
3117737326,506769032,1543519648,priceless,pellicola,losangeles,0,0,0,0,0,0,0
3117737326,237284085,1543519904,pellicola,la,0,0,0,0,0,0,0,0
3117737326,3493674,1544205050,pellicola,NY,0,0,0,0,0,0,0,0
3117737326,213443263,1544211788,Ny,0,0,0,0,0,0,0,0,0
3117737326,506769032,1544388116,separation,losangeles,pellicola,0,0,0,0,0,0,0
3117737326,3493674,1544407145,pellicola,Ny,0,0,0,0,0,0,0,0
3117737326,3493674,1544533469,pellicola,ny,0,0,0,0,0,0,0,0
3117737326,237284085,1544546027,losangeles,dusteverywhere,obsessed,0,0,0,0,0,0,0
3117737326,237284085,1545134984,onlyloversleftalive,print,La,0,0,0,0,0,0,0
3117737326,213385402,1546864725,pellicola,obsessed,0,0,0,0,0,0,0,0
3117737326,3493674,1547037808,pellicola,ny,0,0,0,0,0,0,0,0
3117737326,213385402,1547139344,formypleasure,obsessed,0,0,0,0,0,0,0,0
3117737326,229416057725041,1548262956,pellicola,0,0,0,0,0,0,0,0,0
3117737326,213385402,1548679313,pellicola,0,0,0,0,0,0,0,0,0
3117737326,213385402,1548968788,pellicola,0,0,0,0,0,0,0,0,0
3117737326,114560389106509,1552866935,pellicola,dltla,0,0,0,0,0,0,0,0
3117737326,1004953996322962,1553069429,California,1995,0,0,0,0,0,0,0,0
3117737326,212999109,1553661601,pellicola,0,0,0,0,0,0,0,0,0
3117737326,212988663,1554217349,NewYork,1991,0,0,0,0,0,0,0,0
3117737326,213385402,1555369429,1999,london,0,0,0,0,0,0,0,0
3117737326,3493674,1556282144,ny,pellicola,0,0,0,0,0,0,0,0
3117737326,213385402,1556292183,0,0,0,0,0,0,0,0,0,0
3117737326,3493674,1556730801,pellicola,0,0,0,0,0,0,0,0,0
3117737326,213385402,1559229180,print,0,0,0,0,0,0,0,0,0
3117737326,3493674,1564741233,amore,0,0,0,0,0,0,0,0,0
3117737326,231143726,1568559867,0,0,0,0,0,0,0,0,0,0
3117737326,275996149611045,1568710225,0,0,0,0,0,0,0,0,0,0
3117737326,212999109,1569961172,0,0,0,0,0,0,0,0,0,0
3117737326,7856081,1571930715,littlestory,0,0,0,0,0,0,0,0,0
3117737326,288673802,1574998770,print,0,0,0,0,0,0,0,0,0
3117737326,787494153,1578399950,0,0,0,0,0,0,0,0,0,0
3117737326,55155,1582734948,0,0,0,0,0,0,0,0,0,0
3117737326,255194707,1582735766,0,0,0,0,0,0,0,0,0,0
3117737326,55155,1584122849,California,0,0,0,0,0,0,0,0,0
3117737326,55155,1584217847,california,0,0,0,0,0,0,0,0,0
3117737326,235057359,1584289782,0,0,0,0,0,0,0,0,0,0
3117737326,212999109,1584725241,LA,california,0,0,0,0,0,0,0,0
10443974142,212999109,1584712601,0,0,0,0,0,0,0,0,0,0
10443974142,212999109,1584726925,shortseries,women,actor,actress,independentartist,artistsofla,losangeles,california,filmmaking,filmmaker
15842631965,212999109,1562260550,0,0,0,0,0,0,0,0,0,0
15842631965,212999109,1562324762,elen,los,losangeles,erevan,makeup,0,0,0,0,0
15842631965,212999109,1574267284,0,0,0,0,0,0,0,0,0,0
15842631965,212999109,1574598337,0,0,0,0,0,0,0,0,0,0
15842631965,293969445,1574599096,tshnamuankoxnum,0,0,0,0,0,0,0,0,0
15842631965,212999109,1574599466,tshnamuankoxnum,0,0,0,0,0,0,0,0,0
15842631965,212999109,1574871655,tshnamuankoxnum,serial,0,0,0,0,0,0,0,0
15842631965,293969445,1575203195,winter,snor,december1,ushacacser,tshnamuankoxnum,0,0,0,0,0
15842631965,293969445,1575205237,tshnamuankoxnum,newsong,losangeles,0,0,0,0,0,0,0
15842631965,213313304,1575302120,Repost,Ivoyage,Ivoyagetravel,0,0,0,0,0,0,0
15842631965,212999109,1575521834,Repost,azathakobyan,lusinegasparyan,tshnamuankoxnum,pappoghosyan,erkusov,goryepremyan,gorelen,elenharutyunyan,characterdancestudio
15842631965,592391476,1575897191,Repost,0,0,0,0,0,0,0,0,0
15842631965,212999109,1575983387,Repost,goryepremyanofficial,goryepremyan,lusinegasparyan,tshnamuankoxnum,0,0,0,0,0
15842631965,212999109,1576852565,tshnamuankoxnum,0,0,0,0,0,0,0,0,0
15842631965,212999109,1577108126,0,0,0,0,0,0,0,0,0,0
15842631965,212999109,1577692599,tshnamuankixnumofficial,tshnamuankoxnum,newseries,shooting,0,0,0,0,0,0
15842631965,212999109,1577695657,tshnamuankoxnum,0,0,0,0,0,0,0,0,0
15842631965,212999109,1578767571,tshnamuankoxnum,shooting,newseries,usa,losangeles,california,tshnamuankixnumofficial,0,0,0
15842631965,212999109,1579113483,tshnamuankoxnum,lusinegasparyan,0,0,0,0,0,0,0,0
15842631965,212999109,1579113673,tshnamuankixnumofficial,tshnamuankoxnum,0,0,0,0,0,0,0,0
15842631965,212999109,1579197436,tshnamuankixnumofficial,0,0,0,0,0,0,0,0,0
15842631965,212999109,1579272807,tshnamuankoxnum,0,0,0,0,0,0,0,0,0
15842631965,212999109,1580482089,0,0,0,0,0,0,0,0,0,0
15842631965,212999109,1584726041,tshnamuankixnumofficial,losangeles,usa,love,0,0,0,0,0,0
15842631965,212999109,1584726248,tshnamuankoxnum,losangeles,california,usa,love,newseries,goryepremyanofficial,0,0,0
3136860535,418377177,1472826469,उल्लू,उल्लू,0,0,0,0,0,0,0,0
3136860535,1020740648,1480674441,0,0,0,0,0,0,0,0,0,0
3136860535,467037384,1491847231,0,0,0,0,0,0,0,0,0,0
3136860535,393173207,1497265708,0,0,0,0,0,0,0,0,0,0
3136860535,1020646600,1498124735,0,0,0,0,0,0,0,0,0,0
3136860535,1020646600,1498474123,comment,comment4comment,photography,instapic,c4c,commenter,comments,commenting,love,instagood
3136860535,202946423541320,1500110899,0,0,0,0,0,0,0,0,0,0
3136860535,1020646600,1501394281,0,0,0,0,0,0,0,0,0,0
3136860535,1020646600,1502385997,0,0,0,0,0,0,0,0,0,0
3136860535,293739761,1504756296,जमाना,"दीवाना,",OnLy,AtTiTuDe,f4f,photography,instapic,followalways,me,love
3136860535,1494866470783660,1510073853,0,0,0,0,0,0,0,0,0,0
3136860535,271186596625118,1510508370,0,0,0,0,0,0,0,0,0,0
3136860535,204657133359292,1511374107,चाँद_को,छुपा_सकता_है,आकाश_को,नही...*_,सबको,भुला_सकते_है,नही.,0,0,0
3136860535,1020646600,1511581713,0,0,0,0,0,0,0,0,0,0
3136860535,214928742,1511688550,0,0,0,0,0,0,0,0,0,0
3136860535,1968577150091649,1515598707,0,0,0,0,0,0,0,0,0,0
3136860535,667372277,1515770945,0,0,0,0,0,0,0,0,0,0
3136860535,541492046,1518168057,0,0,0,0,0,0,0,0,0,0
3136860535,1020646600,1518687663,0,0,0,0,0,0,0,0,0,0
3136860535,1020646600,1518776268,0,0,0,0,0,0,0,0,0,0
3136860535,835323930,1521715685,0,0,0,0,0,0,0,0,0,0
3136860535,1020646600,1522644085,0,0,0,0,0,0,0,0,0,0
3136860535,1020646600,1522493219,0,0,0,0,0,0,0,0,0,0
3136860535,215141266,1522829580,0,0,0,0,0,0,0,0,0,0
3136860535,322940508169964,1523269163,0,0,0,0,0,0,0,0,0,0
3136860535,1020646600,1524926840,0,0,0,0,0,0,0,0,0,0
3136860535,695909686,1526798497,0,0,0,0,0,0,0,0,0,0
3136860535,695909686,1526798684,0,0,0,0,0,0,0,0,0,0
3136860535,1020646600,1527324974,0,0,0,0,0,0,0,0,0,0
3136860535,1020646600,1527846139,snapchats,0,0,0,0,0,0,0,0,0
3136860535,498870164,1528109092,0,0,0,0,0,0,0,0,0,0
3136860535,1020646600,1528455002,0,0,0,0,0,0,0,0,0,0
3136860535,1020646600,1529309270,silent,0,0,0,0,0,0,0,0,0
3136860535,1020646600,1529430554,blue,person,boy,male,hairstyle,emotion,photography,fun,cool,child
3136860535,1020646600,1531823168,f4f,photography,instapic,followalways,me,love,follower,following,liker,photooftheday
3136860535,1020646600,1532076778,f4f,photography,instapic,followalways,me,love,follower,following,liker,photooftheday
3136860535,498870164,1532600728,sukhemuzicaldoctorz,bamb,0,0,0,0,0,0,0,0
3136860535,1020646600,1534095878,f4f,photography,instapic,followalways,me,love,follower,following,liker,photooftheday
3136860535,498870164,1534237851,0,0,0,0,0,0,0,0,0,0
3136860535,227862224314928,1535343216,0,0,0,0,0,0,0,0,0,0
3136860535,498870164,1535971328,0,0,0,0,0,0,0,0,0,0
3136860535,215141266,1537118258,0,0,0,0,0,0,0,0,0,0
3136860535,1020646600,1542302466,me,0,0,0,0,0,0,0,0,0
3136860535,1020646600,1543170110,0,0,0,0,0,0,0,0,0,0
3136860535,215141266,1543378012,blue,person,boy,male,hairstyle,emotion,photography,fun,cool,child
3136860535,290918706,1543378091,0,0,0,0,0,0,0,0,0,0
3136860535,215141266,1543746679,0,0,0,0,0,0,0,0,0,0
3136860535,399191527,1543813532,0,0,0,0,0,0,0,0,0,0
3136860535,270903136586633,1543918229,f4f,photography,instapic,followalways,me,love,follower,following,0,0
3136860535,835323930,1544289083,0,0,0,0,0,0,0,0,0,0
3136860535,215141266,1544345545,0,0,0,0,0,0,0,0,0,0
3136860535,215141266,1544720601,0,0,0,0,0,0,0,0,0,0
3136860535,835323930,1544870113,35mm,35mmfilm,analog,analogfeatures,analogphotography,analogue,analoguevibes,believeinfilm,buyfilmnotmegapixels,darkroom
3136860535,835323930,1545215821,35mm,35mmfilm,analog,analogfeatures,analogphotography,analogue,analoguevibes,believeinfilm,buyfilmnotmegapixels,darkroom
3136860535,215141266,1545391627,35mm,35mmfilm,analog,analogfeatures,analogphotography,analogue,analoguevibes,believeinfilm,buyfilmnotmegapixels,darkroom
3136860535,835323930,1545664322,0,0,0,0,0,0,0,0,0,0
3136860535,1020646600,1545710192,tiktok,0,0,0,0,0,0,0,0,0
3136860535,1020646600,1546278747,bloopers,0,0,0,0,0,0,0,0,0
3136860535,1020646600,1546312902,photo,photos,pic,pics,photography,instapic,picture,pictures,snapshot,art
3136860535,835323930,1546416703,0,0,0,0,0,0,0,0,0,0
3136860535,835323930,1546416768,travel,travelling,toptags,vacation,visiting,traveler,instatravel,instago,wanderlust,trip
3136860535,835323930,1546416832,0,0,0,0,0,0,0,0,0,0
3136860535,835323930,1546420244,35mm,35mmfilm,analog,analogfeatures,analogphotography,analogue,analoguevibes,believeinfilm,buyfilmnotmegapixels,darkroom
3136860535,1968577150091649,1546420707,hair,hairstyle,instahair,photography,instapic,hairstyles,haircolour,haircolor,hairdye,hairdo
3136860535,835323930,1546668782,song,tiktokindia,35mm,35mmfilm,analog,analogfeatures,analogphotography,analogue,analoguevibes,believeinfilm
3136860535,835323930,1546668913,makhna,35mm,35mmfilm,analog,analogfeatures,analogphotography,analogue,analoguevibes,believeinfilm,buyfilmnotmegapixels
3136860535,835323930,1546669151,punjabi,35mm,35mmfilm,analog,analogfeatures,analogphotography,analogue,analoguevibes,believeinfilm,buyfilmnotmegapixels
3136860535,835323930,1546693828,sukhemuzicaldoctorz,35mm,35mmfilm,analog,analogfeatures,analogphotography,analogue,analoguevibes,believeinfilm,buyfilmnotmegapixels
3136860535,835323930,1546694123,yoyohoneysingh,makhna,35mm,35mmfilm,analog,analogfeatures,analogphotography,analogue,analoguevibes,believeinfilm
3136860535,835323930,1546694230,hair,hairstyle,instahair,photography,instapic,hairstyles,haircolour,haircolor,hairdye,hairdo
3136860535,835323930,1546694383,0,0,0,0,0,0,0,0,0,0
3136860535,215141266,1546753898,f4f,photography,instapic,followalways,me,love,follower,following,liker,photooftheday
3136860535,835323930,1547297072,transformation,tiktokindia,tiktok,liker,photooftheday,love,instagood,photography,instapic,liking
3136860535,1020646600,1547297191,tiktokindia,transformation,tiktok,comment,comment4comment,photography,instapic,c4c,commenter,comments
3136860535,1020646600,1547297384,badshah,comment,comment4comment,photography,instapic,c4c,commenter,comments,commenting,love
3136860535,498870164,1548084098,igers,instalove,instamood,instagood,comment,shoutout,iphoneography,androidography,filter,filters
3136860535,1020646600,1548084281,igers,instalove,instamood,instagood,comment,shoutout,iphoneography,androidography,filter,filters
3136860535,835323930,1548084414,0,0,0,0,0,0,0,0,0,0
3136860535,1020646600,1548084516,igers,instalove,instamood,instagood,comment,shoutout,iphoneography,androidography,filter,filters
3136860535,835323930,1548752333,tiktokindia,tiktok,transaction,0,0,0,0,0,0,0
3136860535,835323930,1548866981,parichay,amitbadana,0,0,0,0,0,0,0,0
3136860535,835323930,1549356719,0,0,0,0,0,0,0,0,0,0
3136860535,835323930,1549356867,0,0,0,0,0,0,0,0,0,0
3136860535,835323930,1549357022,0,0,0,0,0,0,0,0,0,0
3136860535,835323930,1549616038,photo,photos,pic,love,instagood,photooftheday,fashion,beautiful,happy,cute
3136860535,271531502,1549994168,love,instagood,photooftheday,fashion,beautiful,motivation,girls,party,baby,cool
3136860535,127689657,1551524349,0,0,0,0,0,0,0,0,0,0
3136860535,215141266,1551702491,tiktokindia,tiktok,transaction,tiktoktransition,tiktok,0,0,0,0,0
3136860535,263210990,1552964767,0,0,0,0,0,0,0,0,0,0
3136860535,371033333362831,1552964832,0,0,0,0,0,0,0,0,0,0
3136860535,263210990,1552964948,masi,mom,0,0,0,0,0,0,0,0
3136860535,263210990,1552965306,indianphotography,0,0,0,0,0,0,0,0,0
3136860535,1015559218,1552965910,0,0,0,0,0,0,0,0,0,0
3136860535,1020646600,1553066280,holi,holistichealing,happy,0,0,0,0,0,0,0
3136860535,835323930,1554220037,0,0,0,0,0,0,0,0,0,0
3136860535,371033333362831,1554382374,motivation,girls,party,baby,cool,gym,lol,design,instapic,funny
3136860535,215141266,1554543143,tiktokindia,tiktok,trand,family,tiktokmuser,tiktokfunny,love,instagood,photooftheday,fashion
3136860535,215141266,1554543525,tiktokindia,tiktokmuser,tiktok,tiktoktransition,transformation,motivation,girls,party,baby,cool
3136860535,215141266,1554544282,tiktokindia,tiktok,tiktokmuser,tiktoktransition,love,instagood,photooftheday,fashion,beautiful,happy
3136860535,329903094095312,1554784154,0,0,0,0,0,0,0,0,0,0
3136860535,1020646600,1556855218,0,0,0,0,0,0,0,0,0,0
3136860535,270903136586633,1557755283,0,0,0,0,0,0,0,0,0,0
3136860535,835323930,1558776407,0,0,0,0,0,0,0,0,0,0
3136860535,835323930,1558778542,quotes,model,picoftheday,photooftheday,lifestyle,style,vaniagemashonly,makeup,selfcare,pride
3136860535,777453674,1558842771,likes,comment,like,follow,followers,princess,dance,followforfollowback,tumblr,seguidores
3136860535,685023081549992,1558842848,likes,comment,like,follow,followers,princess,dance,followforfollowback,tumblr,seguidores
3136860535,358007761304248,1559361739,hooka,hookahlovers,0,0,0,0,0,0,0,0
3136860535,835323930,1559545645,hrt,transisbeautiful,comedy,transitioner,india,happy,instagram,videostar,ftmtransgender,m
3136860535,835323930,1559545689,hookalove,hookah,hookah,hookahbar,visualsoflife,CreateCommune,AGameofTones,artofvisuals,aov,thecreatorclass
3136860535,215141266,1559985497,tiktok,love,musically,memes,like,instagram,follow,funny,meme,tiktokindia
3136860535,215141266,1561434717,0,0,0,0,0,0,0,0,0,0
3136860535,300035819,1562087096,masti_time,0,0,0,0,0,0,0,0,0
3136860535,665820466,1562087446,fun,edgymemes,minecraft,offensivememes,edgy,anime,followforfollowback,lmao,video,shitpost
3136860535,237782076,1562087642,hastag,instagram,love,fashion,hashtag,like4like,instagood,likeforlikes,model,follow
3136860535,237782076,1562087720,hastag,instagram,love,fashion,hashtag,like4like,instagood,likeforlikes,model,follow
3136860535,237782076,1562324211,hastag,instagram,love,fashion,hashtag,like4like,instagood,likeforlikes,model,follow
3136860535,237782076,1562324267,hastag,instagram,love,fashion,hashtag,like4like,instagood,likeforlikes,model,follow
3136860535,300035819,1562324842,hastag,instagram,love,fashion,hashtag,like4like,instagood,likeforlikes,model,follow
3136860535,237782076,1562347735,hastag,instagram,love,fashion,hashtag,like4like,instagood,likeforlikes,model,follow
3136860535,237782076,1562347805,night,webstagram,funny,baby,cat,foodporn,ootd,followback,makeup,hot
3136860535,517169097,1563248117,love,instagood,photooftheday,tbt,cute,beautiful,me,followme,happy,follow
3136860535,1782185142091676,1563248242,0,0,0,0,0,0,0,0,0,0
3136860535,329195694110733,1563772647,travels,travelblog,travelphoto,traveldeeper,travelblogger,travellers,travelguide,travelphotography,travelbook,traveler
3136860535,1782185142091676,1563772724,travels,travelblog,travelphoto,traveldeeper,travelblogger,travellers,travelguide,travelphotography,travelbook,traveler
3136860535,146626179359697,1563898984,0,0,0,0,0,0,0,0,0,0
3136860535,835323930,1563964894,0,0,0,0,0,0,0,0,0,0
3136860535,215141266,1565002809,0,0,0,0,0,0,0,0,0,0
3136860535,215141266,1565853103,0,0,0,0,0,0,0,0,0,0
3136860535,835323930,1567792591,0,0,0,0,0,0,0,0,0,0
3136860535,835323930,1568370345,0,0,0,0,0,0,0,0,0,0
3136860535,498870164,1568482611,0,0,0,0,0,0,0,0,0,0
3136860535,737142464,1569260805,siso,0,0,0,0,0,0,0,0,0
3136860535,215141266,1570792123,0,0,0,0,0,0,0,0,0,0
3136860535,346110192522395,1570902700,0,0,0,0,0,0,0,0,0,0
3136860535,498870164,1571055659,sisolove,0,0,0,0,0,0,0,0,0
3136860535,215141266,1571248015,0,0,0,0,0,0,0,0,0,0
3136860535,1015741138,1571483421,0,0,0,0,0,0,0,0,0,0
3136860535,1020646600,1575047440,0,0,0,0,0,0,0,0,0,0
3136860535,253596318166473,1574939935,masi,0,0,0,0,0,0,0,0,0
3136860535,1020646600,1575047540,0,0,0,0,0,0,0,0,0,0
3136860535,215141266,1575191944,0,0,0,0,0,0,0,0,0,0
3136860535,105298750915150,1575393634,0,0,0,0,0,0,0,0,0,0
3136860535,215141266,1575991411,0,0,0,0,0,0,0,0,0,0
3136860535,275047304,1577722945,0,0,0,0,0,0,0,0,0,0
3136860535,275047304,1578072373,0,0,0,0,0,0,0,0,0,0
3136860535,215141266,1578072540,outfit,fashionlove,today,travel,menstyle,menfashionmagazine,traveler,gununkaresi,aniyakala,anadolugram
3136860535,352944044,1578466125,hastag,love,instagood,instagram,fashion,followme,cute,followback,happy,follower
3136860535,1020646600,1578586744,hastag,love,instagood,instagram,fashion,followme,cute,followback,happy,follower
3136860535,215141266,1582048895,tiktok,.,hastag,love,instagood,instagram,fashion,followme,cute,followback
3136860535,215141266,1582135324,hastag,love,instagood,instagram,fashion,followme,cute,followback,happy,follower
3136860535,215141266,1582626272,tiktok,tiktokindia,hastag,love,instagood,instagram,fashion,followme,cute,followback
3136860535,835323930,1583738834,hastag,love,instagood,instagram,fashion,followme,cute,followback,happy,follower
3136860535,215141266,1583846965,hastag,love,instagood,instagram,fashion,followme,cute,followback,happy,follower
3136860535,442380031,1584727126,hastag,love,instagood,instagram,fashion,followme,cute,followback,happy,follower
9841683,765277,1400295555,0,0,0,0,0,0,0,0,0,0
9841683,6267736,1401033139,0,0,0,0,0,0,0,0,0,0
9841683,971972,1401756454,0,0,0,0,0,0,0,0,0,0
9841683,158232190858368,1425949502,0,0,0,0,0,0,0,0,0,0
9841683,238947244,1431201955,0,0,0,0,0,0,0,0,0,0
9841683,235569433,1431278032,0,0,0,0,0,0,0,0,0,0
9841683,249404121,1431380543,0,0,0,0,0,0,0,0,0,0
9841683,158232190858368,1436035475,0,0,0,0,0,0,0,0,0,0
9841683,245390357,1440439976,0,0,0,0,0,0,0,0,0,0
9841683,252398364,1441327892,0,0,0,0,0,0,0,0,0,0
9841683,1152285,1441559220,0,0,0,0,0,0,0,0,0,0
9841683,867060193,1443155191,0,0,0,0,0,0,0,0,0,0
9841683,245390357,1443991827,MyBigIsBetterThanYours,0,0,0,0,0,0,0,0,0
9841683,245390357,1443993679,0,0,0,0,0,0,0,0,0,0
9841683,245390357,1444143756,ucfkkg,0,0,0,0,0,0,0,0,0
9841683,245390357,1445039584,ucfkappa,0,0,0,0,0,0,0,0,0
9841683,245390357,1445046905,0,0,0,0,0,0,0,0,0,0
9841683,254034927,1446326821,0,0,0,0,0,0,0,0,0,0
9841683,245390357,1447378168,0,0,0,0,0,0,0,0,0,0
9841683,298082,1447551856,0,0,0,0,0,0,0,0,0,0
9841683,706983571,1450478011,0,0,0,0,0,0,0,0,0,0
9841683,3001171,1450645448,0,0,0,0,0,0,0,0,0,0
9841683,90377,1450733990,0,0,0,0,0,0,0,0,0,0
9841683,839526,1451151790,0,0,0,0,0,0,0,0,0,0
9841683,9872554,1451504344,0,0,0,0,0,0,0,0,0,0
9841683,244480043,1457796758,0,0,0,0,0,0,0,0,0,0
9841683,1062869,1458252442,FTK,childrensmiraclenetwork,knightthon,ucfkkg,0,0,0,0,0,0
9841683,668853419,1459620944,0,0,0,0,0,0,0,0,0,0
9841683,862337,1460241325,cffoundation,curecf,0,0,0,0,0,0,0,0
9841683,244480043,1460555048,bigappreciation,0,0,0,0,0,0,0,0,0
9841683,228987238,1462202079,0,0,0,0,0,0,0,0,0,0
9841683,674070573,1463069790,0,0,0,0,0,0,0,0,0,0
9841683,51542890,1466272504,0,0,0,0,0,0,0,0,0,0
9841683,245390357,1471816428,0,0,0,0,0,0,0,0,0,0
9841683,245390357,1472438323,0,0,0,0,0,0,0,0,0,0
9841683,1152285,1473612846,0,0,0,0,0,0,0,0,0,0
9841683,585803844922823,1475018125,0,0,0,0,0,0,0,0,0,0
9841683,245390357,1475430598,0,0,0,0,0,0,0,0,0,0
9841683,245390357,1475499419,0,0,0,0,0,0,0,0,0,0
9841683,245390357,1475593294,0,0,0,0,0,0,0,0,0,0
9841683,245390357,1476889670,wentkappawednesday,0,0,0,0,0,0,0,0,0
9841683,639462124,1477017946,0,0,0,0,0,0,0,0,0,0
9841683,245390357,1477093211,0,0,0,0,0,0,0,0,0,0
9841683,245390357,1477160871,0,0,0,0,0,0,0,0,0,0
9841683,1340761,1477610396,0,0,0,0,0,0,0,0,0,0
9841683,215435,1477761111,0,0,0,0,0,0,0,0,0,0
9841683,5976063,1477843417,0,0,0,0,0,0,0,0,0,0
9841683,623641487805317,1478060756,0,0,0,0,0,0,0,0,0,0
9841683,251268718,1478871890,0,0,0,0,0,0,0,0,0,0
9841683,253066925,1478973038,0,0,0,0,0,0,0,0,0,0
9841683,245390357,1480222807,0,0,0,0,0,0,0,0,0,0
9841683,245390357,1480646652,0,0,0,0,0,0,0,0,0,0
9841683,315264827,1481147864,0,0,0,0,0,0,0,0,0,0
9841683,687108,1482625003,0,0,0,0,0,0,0,0,0,0
9841683,12318445,1483305379,0,0,0,0,0,0,0,0,0,0
9841683,220752349,1483653757,0,0,0,0,0,0,0,0,0,0
9841683,287103032,1488645175,0,0,0,0,0,0,0,0,0,0
9841683,215073,1489605612,0,0,0,0,0,0,0,0,0,0
9841683,1340761,1491096100,FTK,0,0,0,0,0,0,0,0,0
9841683,551831309,1491666028,0,0,0,0,0,0,0,0,0,0
9841683,212902732,1494179766,0,0,0,0,0,0,0,0,0,0
9841683,212902732,1494431266,0,0,0,0,0,0,0,0,0,0
9841683,315264827,1495210352,0,0,0,0,0,0,0,0,0,0
9841683,478085136,1495311497,0,0,0,0,0,0,0,0,0,0
9841683,213314608,1500776286,0,0,0,0,0,0,0,0,0,0
9841683,159633136,1505342917,0,0,0,0,0,0,0,0,0,0
9841683,125972294,1505676944,0,0,0,0,0,0,0,0,0,0
9841683,862337,1508024881,0,0,0,0,0,0,0,0,0,0
9841683,213484064,1513613247,0,0,0,0,0,0,0,0,0,0
9841683,159633136,1518990440,0,0,0,0,0,0,0,0,0,0
9841683,212988663,1529849602,0,0,0,0,0,0,0,0,0,0
9841683,125972294,1534534407,0,0,0,0,0,0,0,0,0,0
9841683,862337,1541870415,0,0,0,0,0,0,0,0,0,0
9841683,295165,1542466482,0,0,0,0,0,0,0,0,0,0
9841683,2999359,1545569363,0,0,0,0,0,0,0,0,0,0
9841683,2999359,1547243403,0,0,0,0,0,0,0,0,0,0
9841683,2253576448211028,1552830177,0,0,0,0,0,0,0,0,0,0
9841683,215395825,1553086833,0,0,0,0,0,0,0,0,0,0
9841683,224373191,1553271342,0,0,0,0,0,0,0,0,0,0
9841683,576041129541297,1554309026,0,0,0,0,0,0,0,0,0,0
9841683,224373191,1555940984,0,0,0,0,0,0,0,0,0,0
9841683,266017077,1555041517,0,0,0,0,0,0,0,0,0,0
9841683,862337,1556750673,0,0,0,0,0,0,0,0,0,0
9841683,1521849,1557412418,0,0,0,0,0,0,0,0,0,0
9841683,862337,1556830171,0,0,0,0,0,0,0,0,0,0
9841683,215059060,1558136940,womenwhohike,findyourpark,rockymountainnationalpark,bearlakecolorado,bearlake,emeraldlake,dreamlake,coloradohikes,colorado,estespark
9841683,315064175331,1558463693,colorado,coloradoskiing,arapahoebasin,0,0,0,0,0,0,0
9841683,46519841,1559691668,0,0,0,0,0,0,0,0,0,0
9841683,106270412737566,1559844157,coloradohikes,coloradosprings,gardenofthegods,optoutside,findyourpark,womenwhohike,0,0,0,0
9841683,253920500,1561985746,coloradohikes,estesparkcolorado,findyourpark,womenwhohike,optoutside,rmnp,hikingcolorado,0,0,0
9841683,1013101982,1562278635,coloradohikes,hikingcolorado,optoutside,4thofjuly,moffittunnel,craterlake,colorado,womenwhohike,findyourpark,0
9841683,215395825,1563285177,hikingsedona,hikingarizona,optoutside,womenwhohike,cathedralrock,arizona,sedona,findyourpark,hikingadventures,0
9841683,260083296,1563808485,mountbierstadt,co14ers,hikecolorado,womenwhohike,optoutside,hikingadventures,colorado,explore,hiking,0
9841683,2051572305159668,1564408883,estesparkcolorado,coloradohikes,coloradohiking,rockymountainnationalpark,chasmlake,optoutside,findyourpark,womenwhohike,nofilter,rmnp
9841683,343058599764347,1565013792,coloradohikes,hikingcolorado,hikingadventures,fourthofjulytrail,optoutside,findyourpark,womenwhohike,explore,0,0
9841683,292745609,1566246910,coloradohikes,hiking,rockymountainnationalpark,rmnp,optoutside,findyourpark,nationalparks,adventure,skypond,alpinelakes
9841683,237330148,1567434520,coloradohikes,coloradohiking,optoutside,mtaudubon,hikingadventures,hiking,womenwhohike,hikecolorado,hikelikeagirl,0
9841683,213213692,1567887191,0,0,0,0,0,0,0,0,0,0
9841683,215395825,1568648440,arizona,hikearizona,hiking,optoutside,cathedralrock,womenwhohike,explore,sedona,0,0
9841683,222427944453623,1568928067,coloradohiking,optoutside,eldorado,hiking,hikecolorado,explore,womenwhohike,findyourpark,hikingadventures,colorado
9841683,228022291,1569250819,coloradohiking,hikingadventures,hikingcolorado,explore,optoutside,boulder,bouldercolorado,colorado,flagstaffmountain,womenwhohike
9841683,237330148,1569851658,coloradohiking,hiking,womenwhohike,explore,optoutside,findyourpark,coloradohikes,fallhike,indianpeakswilderness,pawneepass
9841683,237330148,1575909628,snowshoeing,indianpeakswilderness,brainardlake,winterhikes,optoutside,womenwhohike,colorado,explore,0,0
9841683,3759260,1578872926,colorado,coloradohiking,winterhiking,estespark,rmp,rockymountainnationalpark,womenwhohike,optoutside,hiking,hikecolorado
9841683,215059060,1580141980,colorado,coloradohikes,hikingcolorado,rockymountainnationalpark,rmnp,winterhikes,winter,optoutside,womenwhohikecolorado,womenwhohike
9841683,504854015,1582481675,0,0,0,0,0,0,0,0,0,0
9841683,256392895,1583849462,nevada,nevadadesert,valleyoffirestatepark,hikingnevada,hiking,hikingadventures,statepark,optoutside,optoutside,findyourpark
9841683,215884232,1584027977,deathvalleynationalpark,deathvalley,californianationalparks,nationalparks,california,womenempowerment,womenwhohike,womenwhoexplore,optoutside,optoutside
9841683,213387526,1584651705,sequoianationalpark,kingscanyonnationalpark,sequoiaandkingscanyonnationalpark,californianationalparks,nationalparks,findyourpark,optoutside,womenempowerment,womenwhohike,womenwhoexplore
9841683,215884232,1584721355,deathvalleynationalpark,deathvalley,nationalparkservice,nationalpark,hiking,explore,optoutside,optoutside,californiaadventure,hikingcalifornia
